"Meanlength","X1","X2","X3","X4","X5","X6","X7","X8","X9","X10","X11","X12","X13","X14","X15","X16","X17","X18","X19","X20","X21","X22","X23","X24","X25","X26","X27","X28","X29","X30","X31","X32","X33","X34","X35","X36","X37","X38","X39","X40","X41","X42","X43","X44","X45","X46","X47","X48","X49","X50","X51","X52","X53","X54","X55","X56","X57","X58","X59","X60","X61","X62","X63","X64","X65","X66","X67","X68","X69","X70","X71","X72","X73","X74","X75","X76","X77","X78","X79","X80","X81","X82","X83","X84","X85","X86","X87","X88","X89","X90","X91","X92","X93","X94","X95","X96","X97","X98","X99","X100"
9.5,0.00414159989879729,0.020945952335312,0.0199523608366974,0.0245435808678938,0.0130083047207169,0.0184742589301627,0.0225413520743118,0.0183210648280518,0.0246539889461286,0.0231575106318122,0.017575022496494,0.0126867607184455,0.0168824433488588,0.0207469292554751,0.017447845535967,0.015314418117799,0.0174495996986219,0.0201410983000322,0.0128234801469634,0.0142204344013522,0.0205507134503661,0.0145180811539978,0.0425734356264917,0.0640896511427236,0.0670568215165261,0.0873440966749958,0.103469692713083,0.134104264089284,0.13875564539935,0.198115433476785,0.171940290758905,0.134179518180564,0.192938927190894,0.188027708839498,0.245825254520653,0.233861357380893,0.177728719396581,0.145891865829493,0.19881134193193,0.16539862818616,0.20204638227261,0.142969848977611,0.12475374133221,0.187731083378971,0.142733333689709,0.10590672124429,0.101884460670765,0.179209014501451,0.0999068589441834,0.105050973775968,0.111964135554549,0.107113886500166,0.137793525779326,0.0978857198039866,0.0926509583815772,0.117016010628116,0.0744718652375363,0.0920246237540395,0.0872224331323362,0.0713354037745938,0.0658752716822213,0.0677332029692587,0.0395788914084066,0.0580660915794393,0.0579054999167902,0.0506746822153306,0.0359170995402378,0.0452751672832005,0.0396989240425882,0.0502091653071114,0.0470138987701954,0.035943634962243,0.0491458529134495,0.0492769987246698,0.0384705381979583,0.0347860364726947,0.0548857593097068,0.0459363973567661,0.0333565916236592,0.0510459181768981,0.039513419742885,0.0377191925958514,0.039263813890661,0.0450837255686573,0.0432142771970139,0.0483110105511015,0.0538780506198937,0.055836458641459,0.054323697752246,0.104677470321814,0.0741020250088976,0.0453907925659597,0.055116340780976,0.0701747713175841,0.070826771072687,0.0566798967659967,0.0849109613663099,0.0735044603862739,0.0824669842280286,0.0934317267131538
10.5,0.0108247300528061,0.0547455778609951,0.0521486684496372,0.0641485522300983,0.0339992733453793,0.0482854140262867,0.0589154088255956,0.0478850168750521,0.0644371213028588,0.0605258372150217,0.0459351165842432,0.0331588669541926,0.0441249508278814,0.0542253993874206,0.045602719370538,0.0400266674936702,0.0456073041536344,0.0526419638285665,0.0335162049257118,0.0371673670537266,0.0537125581728417,0.0379453141821825,0.111272445271964,0.167508496656079,0.175263668353476,0.228287688650851,0.270434498656227,0.350502823345703,0.362659948197079,0.517806195452063,0.449393296828754,0.35069951188235,0.504276572955767,0.491440322670053,0.642503400949275,0.611233852928703,0.464522275717075,0.381311595299943,0.519625062883123,0.432295621250031,0.528080355343405,0.373674439513706,0.326063744928846,0.490665044850983,0.373056269191256,0.276804060329475,0.266291242584066,0.468391262413099,0.26112246593608,0.27456742821524,0.29263607605499,0.279959178724126,0.360145295545989,0.255839897333027,0.24215801577202,0.305839955055408,0.194644064473584,0.240520990605057,0.227969701631646,0.186446423589142,0.172175499937207,0.177031498857983,0.103445727678752,0.151764965696343,0.151345233844068,0.132446341727018,0.0938750522269779,0.118333850664476,0.103759452059255,0.131229639247391,0.122878301949232,0.0939444067728207,0.128450503187789,0.128793273624023,0.100548870280781,0.0909188390055105,0.143452661480748,0.120062080629718,0.0871827575407903,0.133416625957281,0.103274607067708,0.0985851090489126,0.102622222473361,0.117833487294905,0.112947386641731,0.126268509892954,0.140818854544868,0.145937465392055,0.141983624204999,0.27359121753246,0.19367742821332,0.118636055731052,0.144055322829661,0.183412926065322,0.185117031125188,0.14814192507852,0.221928302533876,0.192115598030041,0.215540579570872,0.244198677987013
11.5,0.0220339514216326,0.111435702992489,0.106149642690097,0.130575642691397,0.0692061911575053,0.0982859121510207,0.119923476125141,0.0974708958562378,0.131163030727863,0.123201534859865,0.0935018353738866,0.0674955273804409,0.0898172072911348,0.110376869454709,0.0928252342924983,0.0814750707706322,0.0928345667088757,0.107153755158752,0.0682228958660427,0.0756549083567679,0.109332971052262,0.0772384350732195,0.226497255980359,0.340966847212411,0.356752652088217,0.464684090721105,0.550474753370884,0.713455406746353,0.738201474047357,1.05400471889398,0.914748915051711,0.713855770140225,1.02646490557927,1.00033646506836,1.30782833896907,1.24417855752412,0.945544249832163,0.776167269424527,1.05770705940712,0.879946259346986,1.07491797389799,0.760621688262459,0.663709180835907,0.998758371783791,0.759363390384479,0.563440121726566,0.54204107395569,0.953419648525271,0.531519927191253,0.55888741296499,0.59566650184882,0.569862427419004,0.733082849002105,0.520767154658979,0.492917415016408,0.622543257855951,0.396201830456573,0.489585218016678,0.464036821874704,0.379515370827682,0.350466624396631,0.360351105931219,0.210565818023164,0.308920579575293,0.308066207115376,0.269597139637634,0.191084519464413,0.240870885865635,0.211204410184453,0.267120517754233,0.250121206045244,0.191225692009734,0.261463531516917,0.262161247497261,0.204669207680837,0.185067089173215,0.292000720475363,0.244388732030278,0.177462221698523,0.271572172316555,0.210217498645907,0.200671932979703,0.208889556942978,0.239852386362691,0.229906632158379,0.257022041149381,0.286639554534407,0.297058587822349,0.289010466139918,0.556900316875136,0.394234223292501,0.241486030236333,0.293227449531965,0.373340626815459,0.376809366259611,0.301545808972951,0.451739434910819,0.391055087164456,0.438737098891806,0.49707122318472
12.5,0.0349296376177639,0.176655046964789,0.168275244029992,0.206996910977994,0.109710107450997,0.155809152370009,0.190110411099535,0.154517136095462,0.207928076290205,0.195307000739886,0.148225126020709,0.106998253155084,0.142384016488245,0.174976515907675,0.147152534449073,0.129159524882396,0.14716732879603,0.16986702772718,0.108151324482622,0.119933028912489,0.173321660988124,0.122443337358998,0.359058024655737,0.540522586480248,0.565547260142517,0.73664712175469,0.872648000580382,1.13101541966811,1.17024447789505,1.67087610269642,1.45011884171757,1.13165010148236,1.62721821851868,1.58579773332749,2.07325363809153,1.97235190885656,1.49893758800666,1.23043029972149,1.67674529111329,1.39494743243923,1.70402914023924,1.20578644414797,1.05215450132201,1.58329603830682,1.20379170938379,0.893201536783614,0.859278389287335,1.51142217677523,0.842599590429482,0.885984289900472,0.944288868232367,0.903382589024981,1.16213010410387,0.825553603499974,0.781404404164396,0.986895631300223,0.628084636138197,0.77612199106271,0.735621029529406,0.601632186606683,0.555582244557216,0.571251760725054,0.333802484061761,0.489720780932678,0.488366374732698,0.427382733588259,0.302919476018431,0.381844027653439,0.334814821447486,0.423456633214884,0.396508230434825,0.303143271821339,0.41448881461998,0.415594878888125,0.324454797916441,0.293380258315729,0.462898331541055,0.387420743757359,0.281324533042535,0.430513682478808,0.333250305771539,0.318118060846568,0.331145167134659,0.38022943670373,0.364462787157117,0.407447878291669,0.454399466315165,0.470916388319355,0.458157987953863,0.882834217314666,0.6249654586516,0.382819194092719,0.464843021378223,0.591843585070707,0.597342454041422,0.478029820027633,0.716126420411216,0.619925687492754,0.695514280689304,0.78798928815894
13.5,0.0431243092684725,0.218099224575746,0.207753477009637,0.255559445085504,0.135448659827723,0.19236277648199,0.234711285960877,0.190767646580753,0.256709066542883,0.241127022111483,0.182999498758745,0.132100590642816,0.175788035052608,0.216026901546923,0.181675271718082,0.159461010072568,0.181693536894508,0.209718701304181,0.133524178401771,0.148069930954467,0.21398380919864,0.15116917060279,0.443294873826752,0.667331950049046,0.698227540154036,0.909468304478593,1.07737568512317,1.39635742228182,1.44478981822598,2.06287218294346,1.79032413936251,1.39714100369609,2.00897193582693,1.95783399294353,2.55964954630894,2.4350757552817,1.85059601323959,1.51909554170421,2.07011831298391,1.72220923526495,2.10380309267207,1.48867011155948,1.29899532911703,1.95474538747481,1.48620740181653,1.10275118605131,1.06086949463503,1.86600955039211,1.04027776425284,1.09384073613306,1.16582386677035,1.11532076522472,1.43477177083825,1.01923270159921,0.964725874275736,1.21842639438811,0.77543650443785,0.958204180040778,0.908201485768781,0.742778174941595,0.685924680941231,0.705270345751837,0.412114254226989,0.604611781068075,0.602939624245774,0.527648908956679,0.373985934529679,0.471426589678437,0.413364091141526,0.522801725353652,0.489531089439937,0.374262233972668,0.511730010645867,0.513095563248853,0.400573553098433,0.362208767560692,0.571496647851978,0.478311631905317,0.347324707473205,0.531514394471797,0.411432532085482,0.392750185099469,0.408833517156576,0.469433207433271,0.449967621256391,0.503037234640447,0.561003905372279,0.581395781762938,0.565644195412307,1.08995164040596,0.771585551958261,0.472630535152362,0.57389757187206,0.730693117416447,0.737482049174483,0.59017806093528,0.884133341636267,0.76536342470705,0.858685488504213,0.972855605737173
14.5,0.0414645162878768,0.209704897381528,0.199757342841129,0.245723327585346,0.130235434650862,0.184959008362598,0.22567758428512,0.183425272729655,0.246828701757199,0.231846387928081,0.175956109806093,0.127016227859949,0.169022205023039,0.207712335101923,0.174682850370108,0.15332358388101,0.174700412546019,0.201646928463548,0.128385023762299,0.142370931104858,0.205747878455774,0.145350885452135,0.426233088202985,0.641647297814432,0.671353760847998,0.874464170303359,1.03590903603439,1.34261362238748,1.38918192468736,1.98347518326516,1.7214171240407,1.34336704487393,1.93164947956357,1.88247976295624,2.46113229648357,2.34135317248801,1.77936921970254,1.46062772715261,1.99044242012491,1.65592386517325,2.02283072082412,1.43137332829493,1.24899885692608,1.8795100334942,1.42900540472743,1.06030787022782,1.02003814520839,1.79418951185691,1.00023896107509,1.05174037078181,1.12095297368242,1.07239366427783,1.3795494576142,0.98000389278105,0.92759495527705,1.17153090525255,0.745591062532892,0.921324271724846,0.873246109633686,0.714189705425885,0.659524421088815,0.678125498932063,0.396252566052206,0.58134113842532,0.579733340527328,0.507340457177127,0.359591750842945,0.453282054549929,0.397454298531615,0.502679834737778,0.470689738011502,0.359857415915581,0.492034254492594,0.493347248929118,0.385156050002769,0.348267870185044,0.549500559320255,0.459902101349563,0.333956676280808,0.511057165683791,0.39559708242082,0.377633792247877,0.393098099859009,0.451365394736131,0.432649011128466,0.483676051001851,0.539411667490235,0.559018689726276,0.543873359403892,1.04800096078645,0.741888327706007,0.454439661884633,0.551809075208983,0.702569784478936,0.7090974199642,0.567462951535067,0.850104313942799,0.735905681232833,0.825635912278289,0.935411785002952
15.5,0.0310497018570339,0.157032449057173,0.149583463024354,0.184003980846485,0.0975236606899181,0.138502087557462,0.168993209982709,0.137353586660941,0.184831713605701,0.173612569644322,0.131760484349363,0.0951130354126321,0.126568197172439,0.155540366904718,0.13080703476371,0.114812663775103,0.1308201857751,0.150998433593457,0.0961380251743852,0.106611034196644,0.154069330977264,0.108842501058289,0.319174356657693,0.480482086326291,0.502727053903277,0.654821379901551,0.77571546950083,1.00538379357658,1.04025534235725,1.48527749976949,1.28904164953888,1.00594797581409,1.44646907288966,1.40964951781629,1.84295949592144,1.75326579099702,1.33243767711575,1.09375580646687,1.49049474686724,1.23999860397767,1.51474794382689,1.07184935623287,0.93528263679925,1.40742570761307,1.07007619384311,0.793985947374141,0.763830936110125,1.34353549505803,0.749004795125301,0.787570382277176,0.839398568813664,0.803036102435714,1.03304230196645,0.733852252811179,0.694607085380661,0.877272631660437,0.558317864802489,0.689911435408913,0.653909264579269,0.534803716722004,0.493868938445276,0.507797906463195,0.296724166527969,0.435323274966368,0.434119314330908,0.379909651567954,0.269271600237785,0.339429322006441,0.297624054879216,0.376419656985471,0.352464645456277,0.269470537112916,0.368447971257529,0.36943117543893,0.288414808410904,0.260791985623415,0.411480226097699,0.344386584210615,0.250075393613522,0.382692818992849,0.296233323437327,0.282781947316865,0.294362020684114,0.337994077582833,0.3239787656273,0.362189132383195,0.403925403048152,0.41860764823598,0.40726643330967,0.784770215390602,0.555545161230301,0.340296168308483,0.413208902481612,0.526102419485104,0.530990481707794,0.424930929803897,0.63658008963726,0.551065200870498,0.618257517842944,0.700460529582721
16.5,0.041203062027608,0.195497843903149,0.203839401693645,0.218381729131908,0.193506547866918,0.153188664660607,0.201399183391064,0.205588566320353,0.209783160551809,0.238495179365811,0.205756850521577,0.15330731256757,0.144438975880926,0.184692164890553,0.191781303420994,0.164087879536734,0.161546629679239,0.185200685041865,0.168190205611455,0.133561340424393,0.169015091963452,0.17787957403719,0.347452295492291,0.634218312338369,0.765855278856371,0.844516160118438,1.02961865107752,1.24968408139057,1.44704281407359,1.72027309954055,1.95353347088787,1.61698357290603,1.63923704559607,1.95579437924462,2.17071852545877,2.44488930468638,2.12131265913264,1.65327101505307,1.69807324180355,1.84671542360637,1.81351637999944,1.70433105347538,1.30912624866893,1.48717108005015,1.62683090863974,1.22546061348674,1.01116298305102,1.32775350448773,1.39406534989399,0.992958861209156,1.05066195232603,1.06638294953055,1.17461147475491,1.16400518317059,0.927947912208707,1.0065141267749,0.950651565212772,0.800142910973386,0.872906096514574,0.777794188722143,0.669060035199873,0.648017580793818,0.521113512379899,0.457266055030205,0.55152831235203,0.518999860758431,0.417207193682464,0.382223291023427,0.405629916827463,0.422743417947466,0.462159383936625,0.396938187216524,0.397732053997085,0.464680358344548,0.417119297710472,0.345476377112436,0.413771417749584,0.472967462397679,0.371368619844479,0.384867885709378,0.41600797621603,0.382965796557779,0.379817852831245,0.413787319309534,0.437730446146327,0.449697819408605,0.502163702754488,0.541447398413705,0.54564065857108,0.757447604584788,0.901639521883231,0.607381423474769,0.491462749009731,0.610970255176598,0.696919509496169,0.638665048878738,0.68402764770333,0.789947156639278,0.766187029140514,0.863585575468072
17.5,0.0689179980109494,0.314688896074846,0.34605346228661,0.340634668761589,0.384896277925552,0.226993047889103,0.315034536030992,0.366154261024143,0.31698857751303,0.406665554571601,0.373686990504578,0.282309992090988,0.219127974383467,0.288183464707883,0.338168414027004,0.285667371018534,0.258696003567131,0.295277735901809,0.320122351313681,0.215841984244881,0.248849487956222,0.329479986194669,0.50846981467017,1.05758864310896,1.37532593123132,1.38923124590156,1.72241479061444,2.00958459936932,2.48402958876658,2.63790668321497,3.49967933436327,2.97412048532209,2.4741447646401,3.35272399851058,3.368222212897,4.20244054447811,3.88558359678863,2.95816701561258,2.57295217438539,3.2811378005528,2.84558673740673,3.12012236598664,2.25466527407412,2.12401638585251,2.91870237972896,2.21391925605821,1.68898014869208,1.78606704448434,2.71403049392908,1.61104535343439,1.69698360365801,1.78439527526467,1.77723300569306,2.12864903384079,1.55805006624128,1.53295087214282,1.79049101081365,1.22813544851668,1.46499538111011,1.36603679141066,1.13218078535239,1.05922387755234,0.993306381840133,0.649812568830779,0.899056997706304,0.88229592440785,0.755046107454938,0.574169247691337,0.688678445020474,0.6337614588626,0.767713566626271,0.701527621947735,0.578138268663827,0.752829806819876,0.730546904110532,0.577289627442307,0.565736372124078,0.806357559717881,0.658919229883595,0.526273183804517,0.717714704532822,0.647933501590892,0.624980524737039,0.658937973981336,0.739627214414186,0.722637060251034,0.807605816004243,0.892229123334592,0.917626352281436,0.995679261024293,1.66520396593427,1.16477857462758,0.767715185854412,0.938659725948099,1.1583348781518,1.13969779855377,0.990597494840103,1.37735939734588,1.22973755451564,1.38148741529603
18.5,0.124219580412921,0.558933344943609,0.627164213120344,0.597414072357294,0.734884493946731,0.389494975620861,0.553156709202662,0.674933710821119,0.54856976767969,0.738190335304516,0.693382745302144,0.526231750083941,0.379867297301926,0.505494528438595,0.621205059234165,0.522423814445631,0.458544678918858,0.522476337626413,0.603065254064566,0.383960953748386,0.425788591933255,0.615329960836013,0.867638905317781,1.90405367450949,2.54229564959854,2.48830333766787,3.10467995229222,3.56791438526775,4.52003924024046,4.59372299366433,6.46386264511159,5.54168855598769,4.27959593944579,6.09771188690152,5.89452997661068,7.65051769017994,7.2301532576726,5.46143570293829,4.45795467623114,6.0431684588901,5.00279788695015,5.80477944332176,4.10751447774156,3.58416688790602,5.39350183563519,4.10071940887767,3.04269322456363,2.92713393946154,5.14866335014301,2.87031757026743,3.01810765536453,3.21672234437449,3.07737500398072,3.95879904836628,2.81225037400713,2.66185601824729,3.36186238720735,2.13957185263238,2.64386146506758,2.50589484032414,2.04946151846023,1.89259227798622,1.8721064888028,1.09395445355942,1.60472651108643,1.59980982361167,1.39935027577343,0.991123098652754,1.24814788900238,1.09303546041041,1.38017654199658,1.28970811999252,0.983515056785408,1.34051677965509,1.33883094150384,1.0401395261294,0.934804350657128,1.46364697241827,1.21301739068687,0.86964243086668,1.308329259277,1.17280276642151,1.11954808547205,1.16539418382076,1.33813571215968,1.28264838060973,1.43392516242923,1.59916117682494,1.65728893089987,1.612388485245,3.10694512330929,2.199431496777,1.3472498062132,1.63591502237918,2.08286618748253,2.10221827397533,1.68232312364248,2.52025289225568,2.18169510627754,2.44771290033652
19.5,0.197998910219753,0.890907800657849,0.999663904143576,0.952243880421169,1.1713638739977,0.62083272582829,0.881700173505656,1.07580575275599,0.874388850928562,1.17663319614502,1.10521245908769,0.838783327824027,0.605486756949963,0.805729381955628,0.990165353501454,0.832713696095549,0.730894005688952,0.832797415043251,0.96125154101521,0.612011811313525,0.678682675521408,0.980800782502252,1.3829668168748,3.03495271276558,4.05227393623183,3.96621327746142,4.94868236627077,5.68705157183831,7.2046841628604,7.32213185371823,10.303027552403,8.83313477002142,6.8214312862307,9.71940417466548,9.39554382446768,12.194487859621,11.5244509841547,8.70521630988022,7.10572491686672,9.6324650683667,7.97417384902696,9.25248660495545,6.54714327323629,5.71295713197645,8.59693360880913,6.53631232190441,4.84987906571582,4.66568417115951,8.20667505902044,4.57512212654719,4.81069107383585,5.12727153439516,4.90515983953778,6.31009938006512,4.48256633509436,4.2428463292413,5.35861646580314,3.41035522539896,4.21416404012367,3.9942531270849,3.26672450384672,3.01668390189326,2.98403072499614,1.74370086354181,2.55784232517671,2.55000540640225,2.23048434633121,1.57979356213039,1.98947638523703,1.74223604099613,2.19992251074909,2.05572101766273,1.56766677830425,2.13670711670987,2.13401998706697,1.65792294552535,1.49002469726217,2.3329696052903,1.93348037914179,1.38616032206908,2.08540204921284,1.86938056691438,1.78449564976167,1.85757170975719,2.13291183123487,2.04446819665349,2.28559473920216,2.54897150050381,2.64162381765139,2.57005507399204,4.95229291938447,3.50576807631488,2.14743917615295,2.60755502929963,3.31996963670485,3.35081575632075,2.68152688981435,4.01713904109196,3.47749728375182,3.90151444069
20.5,0.24578870501066,1.1059408072729,1.24094671113416,1.18208120420097,1.45408886021961,0.770679351417713,1.09451079105995,1.33546645544383,1.0854347789438,1.46063000666045,1.37197087993725,1.04123536690977,0.751629419205704,1.00020339081723,1.22915555299488,1.03370074502332,0.907305454151026,1.03380467070513,1.19326298914174,0.759729386323524,0.842492192226899,1.21753071235147,1.71676512065196,3.76748082204758,5.03034669246127,4.92351409500875,6.14311578263138,7.05970068026932,8.9436350353387,9.08943036224429,12.7898067569346,10.9651348782606,8.46787873883245,12.0653177480363,11.6632891914595,15.1377973543282,14.306037746422,10.8063415160639,8.82079059697982,11.957394677509,9.89885177502695,11.4857031194589,8.12738749350682,7.09185890816998,10.6719232768838,8.11394234121309,6.02046492931493,5.79181203141603,10.1874703904238,5.67939157595153,5.97181836976844,6.36480993394518,6.08908848787193,7.833129755075,5.56449615507685,5.26691638689339,6.6519931868148,4.23349195986394,5.23131122779864,4.95832175288929,4.05519396311795,3.74480257921579,3.70426810326783,2.1645673539326,3.17521319702656,3.1654847287501,2.7688428104116,1.96109874235797,2.46966422105042,2.16274897606288,2.73090445013406,2.55189791819425,1.94604499034862,2.65243114025375,2.64909543444411,2.05808574065313,1.84966291161653,2.89606431407685,2.40015279894894,1.72072942280532,2.58874288011846,2.32058160423218,2.21520853001301,2.30592251492154,2.64771980976708,2.53792907210057,2.83725486420192,3.16420127526241,3.27921651965272,3.19037366287261,6.14759779302833,4.35193403129742,2.6657535317239,3.23692475470832,4.12129055041126,4.15958181063375,3.32875075406843,4.98673150100628,4.31683968918216,4.84319929283083
21.5,0.237622424326399,1.06919614460836,1.19971650425019,1.14280679204002,1.40577704795836,0.745073683732664,1.05814588840357,1.29109584891373,1.04937142497914,1.41210086611379,1.32638742118671,1.00664052959128,0.72665668171756,0.966971832717724,1.18831710498752,0.999356244013709,0.877160411462277,0.999456716785467,1.15361706440712,0.734487529043993,0.814500557234049,1.1770784973551,1.65972594204697,3.64230702342214,4.8632144272581,4.75993132154072,5.9390119864268,6.82514353371756,8.64648454572201,8.78743585198021,12.3648679792554,10.6008204596921,8.18653515724437,11.6644499731278,11.2757787351306,14.6348470575212,13.8307224966352,10.447302975272,8.52772158931769,11.560112625086,9.56996439981879,11.1040929249403,7.85735666560993,6.85623331091243,10.3173507552696,7.84435822581858,5.82043618324051,5.59938023225351,9.8489937193042,5.49069492399171,5.773405895929,6.15334039379557,5.88677973775621,7.57287558182726,5.37961688055168,5.09192414079305,6.43098204038735,4.09283503416301,5.0575019560053,4.79358250193299,3.92046095278492,3.62038226068368,3.58119453461165,2.09265003547227,3.06971737207331,3.06031213021432,2.67684856047469,1.89594162792119,2.38761012005297,2.09089207284448,2.64017069464792,2.46711161901645,1.88138803381882,2.5643046448314,2.56107976718175,1.98970625254882,1.78820823042248,2.79984315506387,2.32040820108191,1.66355853105223,2.50273241443203,2.24348074343358,2.14160866858133,2.22930869944051,2.55974984736014,2.45360688504718,2.74298763742739,3.05907131921267,3.17026520505594,3.08437413446644,5.94334508292255,4.20734189140465,2.57718440250304,3.12937857556377,3.98436149415298,4.02138053489445,3.21815367441625,4.82104834183711,4.17341355180416,4.68228496264076
22.5,0.320036200020398,1.43270052410721,1.52871119049482,1.56220885103221,1.72691710685261,1.38327834391834,1.23252729341025,1.59104928585414,1.54531032450283,1.67702449855836,1.82466320043842,1.53378056272489,1.1359412840379,1.1531072228459,1.46033332893674,1.44753335579367,1.24499848604804,1.26560138342955,1.45320845997084,1.22780960389919,1.04288831107441,1.36268513320854,2.60370099481214,4.14692061739034,6.34929607684785,6.88448372140223,7.51456991980362,8.76100564154987,10.5119918285831,11.5145375456822,14.1360781687319,14.5818971518385,11.6737508499438,12.9316302578549,14.2611804777054,16.4704476943403,17.3325571659643,14.2644739931981,11.1527291303945,12.4873910574675,12.2314974704678,12.3028564687524,10.4902840597287,8.39903444861648,10.592588975489,10.1564022766567,7.61380195439476,6.61361767824069,9.72219609980402,8.19133207755493,6.60881055861296,7.01133437215594,6.96714643738551,8.12684215320389,7.17006189162071,6.04994761089371,6.93964441667835,5.73081335320425,5.49394623316274,5.69262484116774,4.92650910974572,4.34089374636541,4.14577280651241,3.02687618520823,3.16962029186823,3.57848916705198,3.30102076258756,2.56521128264832,2.61283235769725,2.6124577676505,2.90705446938954,3.03064259344423,2.52397936424528,2.78343424720935,3.10098132727574,2.67879407256523,2.27003722287964,2.94267303959399,3.05820072987147,2.33960536778302,2.66079201148933,3.04448729776815,2.82739172239168,2.8382561320535,3.13454614821171,3.2335734432729,3.3939755376924,3.78867236040886,4.04356301160408,4.03910868858966,6.14518728884702,6.38633568961619,4.21884468361648,3.75182043324123,4.69459043813718,5.18546506664912,4.60074231368039,5.37262782631459,5.75302868681923,5.78545477840347
23.5,0.443449685749232,1.97776524641455,2.02996506392228,2.18798500354607,2.22423078373567,2.30152923554344,1.51265463092464,2.05480332520569,2.27495640250071,2.09591468537887,2.56705246677788,2.30561170234562,1.73333168513268,1.44655868873007,1.88149156992412,2.10865608676944,1.78955772031311,1.6720868604594,1.91175415606171,1.94302577079563,1.39023091607397,1.66258276621196,3.98096842715753,4.97738213590951,8.59446509215597,10.0192613242512,9.92169829852356,11.7024610883269,13.4173210760262,15.629950583621,17.0366694494383,20.513484145622,16.8319172617492,15.1031916599232,18.8230265365157,19.5387484153745,22.7042097583242,19.961526958936,15.1164427296915,14.1799037289878,16.2819513300809,14.3595466898702,14.4421494895486,10.7917099123443,11.3304751800714,13.6589473675092,10.3215609418892,8.22391299741968,9.88166608796782,12.1569731525129,7.97489294266223,8.42201047800067,8.6797776456553,9.1607711535316,9.8586587011797,7.56425115380023,7.87114475779197,8.16211922964964,6.27744826092555,7.11421759697333,6.4679281532929,5.47261964590335,5.05802733188963,4.40531249383666,3.41435898915502,4.40801952542515,4.26571035546658,3.56627889992341,3.0095484986359,3.41357343724827,3.37068769388125,3.90332948755831,3.48722958735196,3.17767065572557,3.9438274088526,3.71079166234065,3.00521415388374,3.23823127725209,4.16964042415998,3.34220571599738,2.96749327519027,4.24172454549208,3.85996154948054,3.76634192334183,4.02616013612347,4.40856485479505,4.39843896145172,4.91391609822867,5.37362353070831,5.48015151350373,6.63080687112209,9.57837098640491,6.603464612302,4.72956640527565,5.8243807465755,6.95140882684093,6.64487502290296,6.30910273434664,8.10544760157285,7.48878994649628
24.5,0.680384656489844,3.02861929870378,3.04479993788753,3.37548669439425,3.27931730446184,3.8354860874463,2.16656489033996,3.03425549188271,3.59620041774055,3.03565021223623,3.96926885542867,3.68010233503757,2.78543095171882,2.0999019028372,2.77451914080901,3.3166804345534,2.7966797403009,2.5009991268278,2.85268247155974,3.1723108252621,2.08968923578026,2.3725476543106,6.40307207641907,7.02905564670725,13.0257758122005,15.7520125708758,14.8349271961399,17.6095849507535,19.6782891348198,23.7241831493317,24.1227921935229,31.7177074315311,26.3442392395554,20.9470869134159,28.138876785699,27.3826197842633,33.7976177807159,30.7821891221215,22.9266804351617,19.2871819400714,24.4546020981098,19.9069947429998,22.0847122485499,15.8887023199844,14.738248917004,20.6295987944672,15.6558664672678,11.8747082263514,12.3234014934138,19.2903656204225,11.3010231611753,11.8995701021096,12.5472655628449,12.3950896857318,15.0657737708168,10.9585488416506,10.6973886827308,12.6981547501889,8.57593675334089,10.3037046537646,9.64041419432167,7.96794483151861,7.2178065592692,6.92604898534234,4.46578697807293,6.328050689108,6.30116009383209,5.4811183093601,4.13459677337276,5.07433208012144,4.65189559948679,5.75485344550031,5.34250468109626,4.33857270097623,5.77195173044258,5.69266873843746,4.50005178536833,4.30492512504236,6.34381466216492,5.20731771969053,3.98428202571515,6.52642741205926,5.87668782887066,5.64712789492863,5.92659833329251,6.70717364923483,6.50791130939659,7.27396320067288,8.06351272597416,8.31606128479133,8.68403216594609,15.2726996689311,10.7307716308377,6.8857365192684,8.39828596275835,10.480781019388,10.4086786634972,8.7824351086058,12.5420609551763,11.0728595563162
25.5,0.92024583209658,4.09295980337463,4.07821354307144,4.57605474931036,4.35898516835632,5.3620273739602,2.84191970098964,4.03606477108415,4.92460116227967,4.00259651013767,5.38614818750358,5.0592131029659,3.83960890757562,2.77167209729267,3.68830138777063,4.53257424791656,3.81182460228807,3.34573547380484,3.81220783357876,4.4002185747749,2.80154114216478,3.10673324076364,8.8295240707303,9.15872241990766,17.5257380698712,21.5226878831612,19.8424459612408,23.619597025471,26.0952422488439,31.9406343705793,31.4711453591022,43.0391760300972,35.9290714075257,27.055993377283,37.6340049987533,35.5482541729587,45.1179160752695,41.7230402212838,30.8564635469046,24.6714538956647,32.7738281008876,25.7070523903385,29.8280627432669,21.1066071945089,18.4173672503261,27.7146983326537,21.0716904948486,15.6349858417466,15.0411804025825,26.4565871884604,14.7492274969271,15.5086520322005,16.5292405771002,15.8131993815721,20.3424277452103,14.4508471725255,13.6780405011198,17.2750477772617,10.9942649995891,13.5855748585365,12.8766285187994,10.5312298872738,9.45128110218167,9.46345003399593,5.59716121458759,8.3094980115265,8.38286382626818,7.41879392863979,5.31538267374088,6.7697335437606,5.99395782440681,7.64951996677978,7.22138167603488,5.56033147005656,7.64683168954497,7.69909155655896,6.02295481476748,5.44227786325061,8.5494898317929,7.0885874341077,5.06290417229417,8.83775695859975,7.92227624392851,7.56254116669021,7.87223130916237,9.03909938406885,8.66428276429023,9.68615659438304,10.8023249638376,11.1949776232663,10.8916753595458,20.987397238741,14.857147677295,9.10066503932856,11.050596988635,14.0697496534078,14.2004728913484,11.3640834577076,17.0242944411962,14.7373384569129
26.5,1.04277514108143,4.63793106965866,4.62122136760757,5.18534936033013,4.93937730046419,6.07597302410496,3.22031691291654,4.57346055183151,5.58030418900828,4.53553604371317,6.10330548665836,5.73283950136121,4.35084689400091,3.14071594945567,4.17939301199651,5.13607949743717,4.31936315144479,3.79121497651275,4.31979740938899,4.98610087116208,3.17456201144708,3.5203899658626,10.0051615420643,10.3781921421868,19.8592629827289,24.3884004806441,22.484436946042,26.7645098314742,29.5697833866814,36.1934804269949,35.6614796799078,48.7697757397753,40.7129716855652,30.6584570416545,42.6449145470464,40.2814492253144,51.1252968062904,47.2783984839925,34.9649539352878,27.9564198167819,37.1376126135987,29.1299066490198,33.7996231555131,23.9169192919469,20.8696112092706,31.4048675428601,23.8773534877405,17.7167600202968,17.0438903054854,29.9792408460314,16.7130643220736,17.5736050594396,18.7300833903104,17.9187024172657,23.0509905311086,16.3749551190524,15.4992504348293,19.5751936654596,12.4581343768911,15.3944731349741,14.5911316867936,11.9334468556554,10.7097045604369,10.7234937666977,6.34241457187555,9.41589481752309,9.49902917700562,8.40659486385972,6.02311765420767,7.6711130927869,6.79204403647436,8.66804171706028,8.18289747520402,6.30068100383337,8.66499549987024,8.72421368733462,6.82490193124515,6.16690874190224,9.68784117740666,8.03242188538806,5.7370220308607,10.0144906262179,8.97711507057563,8.56948182428918,8.92040673016155,10.2426414841749,9.81791861128902,10.9758533610882,12.2406378222977,12.6855715759219,12.3418850849753,23.7818367149783,16.8353539075121,10.3124045111945,12.5219668831366,15.9431150547965,16.0912438896488,12.8771935906236,19.2910529105956,16.6995922747731
27.5,1.13855500575487,5.0560937731458,5.0138553333384,5.50832557625185,5.40506142214075,6.35848198934766,4.06766760291044,4.68572149007673,5.84723687078015,5.12834972277053,6.30113312367954,6.29047497087966,4.99613411974561,3.6493984187794,4.32189965594949,5.37571199646043,4.8479613071592,4.21711036298111,4.57703575245776,5.2716810697983,3.80742162539696,3.74715950822915,10.2119442154034,11.9695878845917,19.9984033816511,25.7555359697203,24.6051417456346,27.694520962165,30.6317078225711,36.6516605211437,36.9102004627761,48.1069847405047,42.495530820226,32.2574056446633,41.3550576208903,40.4701813500729,49.5425888323026,47.0714273862453,35.5697353403361,27.9949482106312,35.3086618619829,28.8352035925842,32.281714071195,23.9535950423669,20.4319216218078,29.4725738340738,23.7169648473683,17.646207532173,16.5334869957397,27.8922170579615,17.274419389865,16.9164159828956,18.0094890348146,17.3908595689722,21.8517442188472,16.3924631965033,15.0573250575974,18.5805705470228,12.6431099653632,14.6349403208317,14.1733257552683,11.7602605900029,10.433781792802,10.3753353103496,6.54137864357507,8.8869715479685,9.2692834665823,8.34328672305157,6.16109401372677,7.39593460953109,6.81796495539832,8.40307335625858,8.21426796969406,6.52755560321742,8.41483487070332,8.78734397389582,7.15064223576255,6.34887315852085,9.3896400833859,8.43832652179309,6.2026194774846,9.79593370247682,9.59486037698568,9.06186657305327,9.30347527980464,10.5289535677878,10.374971831408,11.3259099779348,12.635472436207,13.2393648381762,13.0103738064843,23.0486944065771,18.8291043378058,11.9124451758428,12.7729376251058,16.161123434174,16.8632345102315,14.0515850207446,19.1749969064414,17.9592605908012
28.5,1.09722162765175,4.86341094757049,4.79474939437875,5.12973405737542,5.22281864883846,5.80656199417262,4.5626490233886,4.15696292203046,5.3487745902472,5.1474964917381,5.64970359900472,6.09830938898645,5.10098569709485,3.77348437296273,3.88376291405796,4.91009980924301,4.82560129259461,4.15451075797845,4.24829015609882,4.87943218726751,4.06683347627037,3.49859311827271,9.01139633388083,12.2785904271422,17.3091746565097,23.8033928438787,23.7765445487156,24.9083798774557,27.5924152011181,31.9815030603397,33.2086895618144,40.3689467515381,38.6726440928984,29.6682980235926,33.7869948195447,34.9099572041662,40.4285053251023,40.0616889415007,31.2411447038857,24.0316321501341,27.9213704893896,24.3275325580437,25.7239526720413,20.5671425150282,16.9467343531458,22.7902606329483,20.1137277458031,15.0273386779742,13.514532421493,21.2395631221903,15.5127296907708,13.6558424245261,14.5115903165222,14.2268374160842,17.1942342942655,14.0653131461961,12.3370545112579,14.6522115895342,11.0663768855146,11.5711570399133,11.61043699146,9.85441805192087,8.58735648787733,8.44539074718278,5.85696205519148,6.94038091806867,7.64850302344628,7.06695998705741,5.45359442659025,5.98585069606639,5.87376694172158,6.86163191182003,7.07687986529458,5.88062708859825,6.89054566377264,7.60822450153293,6.54018472487307,5.67042067287036,7.66452290397915,7.7452963226644,5.90595772008128,8.11390599364339,9.00556897204667,8.38948582463849,8.45739767143163,9.38414568588367,9.59666162117614,10.1479734279086,11.3268101451256,12.0463729139983,11.9961136625187,18.8125966087647,18.6668409471226,12.2406354070568,11.2615541960583,14.1222000553351,15.4284412455016,13.5316887196304,16.2791286232105,16.9877896195625
29.5,1.10906448275209,4.90510916395714,4.80265032636624,4.97389801386878,5.29572025591038,5.48957866830295,5.37177639002391,3.77775677186414,5.06811380238498,5.44583301880055,5.21090396743917,6.20693465962882,5.49448338809254,4.11758721762449,3.59314326965195,4.64330611571798,5.05934937036333,4.30635587195258,4.10190259801856,4.69458773179595,4.580897142734,3.4032958136542,8.12746958087603,13.2902905178361,15.1746618875796,22.8576446814073,24.1096223020437,23.0716591816906,25.6114151465433,28.377928474075,30.7748004192913,33.7201222872613,36.3939673795676,28.3117934110236,26.9782785222535,30.4494754433099,32.2148916179231,34.226248147855,27.9870103419278,20.8064354461773,21.0035450469431,20.4979448808471,19.6333241195966,17.8131660953372,13.8857656357353,16.4001113147829,17.0883706533839,12.8504219785321,10.8004558360066,14.7999080997562,14.3386339551018,10.674034723356,11.3053232414997,11.3857223255475,12.8107123319354,12.1691276358692,9.90007199802434,10.9629938754063,9.86418300412348,8.70160221765148,9.31375602637024,8.21210221088101,6.94468049256748,6.69991920408279,5.39170777111002,5.09509355814486,6.21251247277346,5.9922306514105,4.94036876515454,4.700630290738,5.11339733512699,5.47377724857601,6.16100245369675,5.45936131555424,5.52378900720363,6.67333802449715,6.19590811549257,5.20194157862329,6.11050236807437,7.37166658427887,5.88517778942504,6.63312589906641,8.81784918539836,8.07399120222563,7.94762555944192,8.58375781524868,9.22530997105819,9.35086796180092,10.4440702143819,11.3340923700115,11.4847961260875,14.9962061163293,19.484709922392,13.2721607467832,10.1443102742064,12.5575015701249,14.622312486702,13.6661830693911,13.8538191898673,16.793378325869
30.5,1.21908116570673,5.38305498047546,5.23906531427861,5.29006962953683,5.77420759087342,5.74319688715942,6.38368155963957,4.02459675557961,5.19579980260579,6.07917132046169,5.40453289979851,6.71927061271377,6.30644407637977,4.84495976595171,3.77175221122618,4.76755199775265,5.6126451774618,4.86034938294652,4.38650680411241,4.9239756277335,5.33010691786004,3.76020245851621,8.10619669571965,14.9037966140368,15.1296416261213,23.5024582148094,26.1587905792956,23.6464821913892,25.8235295779887,27.5524940580063,30.7582638933581,30.9281335292151,36.5080073607695,29.1537826924355,23.6937915061304,28.5289817685684,27.885914432595,31.4495228484486,26.9798759242836,19.5653546312614,16.999186379351,18.4923883318665,16.119260732377,16.4961127796232,12.3356451817618,12.4951054521827,15.4907741393568,11.8703672445146,9.34088351202597,10.7730060412785,13.9365572653397,9.08690082119174,9.44413378931309,9.7866717622329,10.1810849988213,11.2397913924103,8.60868520824216,8.75891877521301,9.35181033924395,7.05699088532644,8.00590938835245,7.36654054907189,6.06643040381973,5.72372656671339,5.2748285825866,4.02887935428638,5.40387398946848,5.47715566427328,4.80700909151501,4.02366138201847,4.77639032385243,4.7473889239051,5.76614360685544,5.44464102003173,4.85961900314016,6.29483548683301,6.2908704461898,5.21168929047569,5.34451530672845,7.43424453567018,6.29452493855241,6.04724386658252,9.11085175473403,8.46992428008887,8.15771116329906,8.5843375809635,9.55000078613697,9.446441956819,10.4787352023778,11.5568226397904,11.9092436569039,13.2170783973562,20.9681256037127,15.3431796372106,10.3462340037919,12.180201002712,14.9095528409012,14.7503586547472,13.179061787882,17.5570977794106
31.5,1.20739021295204,5.32590623215321,5.15896089144857,5.11864827786118,5.63715196014956,5.5126697919242,6.5186069285543,4.08584514767826,4.81584619765443,5.99358491246909,5.21136715635333,6.47019512065014,6.41373067332307,5.0684470768038,3.69749991986014,4.43699621996872,5.51098831752049,4.9304596954219,4.293160536761,4.68548861425106,5.39794580148892,3.84469461643869,7.4615383534622,14.598869770181,14.2548841138384,21.6690193113976,25.3412631846438,22.2960955903544,23.6488435503631,24.5410438711881,27.7775542031137,26.2948248531357,32.7652080406426,27.0762142953912,19.4556162692067,24.1673663394951,22.2760482530952,26.1967172272962,23.5133962186922,16.814568179314,12.6658020934481,15.0684012964386,12.1487451357674,13.7564118081547,10.055175579402,8.63828047563676,12.6309089172764,9.98160652494532,7.42025673284107,7.01054794670428,11.9874597628152,7.18135025748906,7.19059480972171,7.65796573802425,7.37290956267031,9.33431891811879,6.88217821484667,6.38162378693283,7.93369806370306,5.28559898296595,6.24582999024315,6.00720463810526,4.85005701319491,4.46975222295908,4.6096234668423,2.95250826616797,4.25816107213654,4.55127586972376,4.21877578223982,3.19785514787639,4.03019193328182,3.80246886129486,4.88357206147509,4.8909881200499,3.98526726709084,5.37248497008412,5.73598713340968,4.76626116064387,4.359931776482,6.67385801417969,6.03046362906566,5.20139079548048,8.34635286964922,8.06020360442201,7.6250284096224,7.84523109262923,8.89894834690205,8.73085154983338,9.56671849216724,10.6722798348705,11.163005701511,10.9527721007188,19.6682181443294,15.709588658712,9.89209550549989,10.8088399180902,13.6897642373742,14.2093399679371,11.7668615219106,16.2944854685814
32.5,1.18502585613196,5.22644534321949,5.04830837297193,4.98796366027533,5.39050617173501,5.41212660884259,6.14800045250511,4.48274254393872,4.45150725748619,5.65956548888129,5.25954944600126,6.02481948420674,6.31161695006265,5.17982659624439,3.81436436504568,4.1380007510128,5.1984126119726,4.94576098130085,4.27421360546909,4.46995574246949,5.13952731590961,4.0637683664221,7.1467591215195,13.4203373702948,14.5464909635268,19.5978307346779,23.913422515961,21.6521463515374,21.8292567459477,22.6347074736314,25.0537632724026,24.145562950195,28.7526687944542,24.9532095979454,18.0172274093238,20.7911262083164,19.758377432885,22.467166596394,20.6287556343659,15.0009748084308,11.1333382182266,12.6487105224808,10.5605890874527,11.5940636582383,8.82695843150989,7.43890144655962,10.4799174857044,8.70188006440787,6.48388114374655,5.9894654836454,9.86822123983053,6.46867442194516,6.10219583242652,6.49246347276856,6.30179818955875,7.81503545339246,6.03920106501926,5.45911846260745,6.64996941233478,4.69091048676028,5.24243049503147,5.13826796424777,4.20039987216525,3.83696247574138,3.93689653811363,2.66644009980172,3.56144736900758,3.92828742333578,3.70091806711883,2.88408677854848,3.45009773725721,3.38187170241026,4.21035295768521,4.36084056888109,3.65993929873198,4.6532692787693,5.14946613904094,4.44036195106714,4.00430928849037,5.79167000969992,5.65707774931155,5.01112654131319,7.32478361239398,7.68840696487575,7.2050605338726,7.32150539508585,8.19495010136375,8.24497853100899,8.84123800596682,9.86616789438347,10.4242652610226,10.3207528563031,17.0991064300251,15.5707196942717,10.0602544362602,9.88195831012746,12.4417723758979,13.3187478363684,11.4262528497216,14.5304901683468
33.5,1.14954934338312,5.06877171723539,4.87525628564485,4.78271594315678,5.01546593246909,5.20773696983962,5.60887621615011,4.94242138286884,4.07425933478297,5.08694938301328,5.23808754965797,5.42645090225247,6.04457313804445,5.32164179594104,4.02763787310382,3.76347621561917,4.67560062626377,4.8834505108357,4.26549030074008,4.17177983483786,4.71999269882022,4.30531219248844,6.85739154139856,11.650440412355,14.5734893199741,16.809019571787,21.3527058059524,20.418621914711,19.1491318465435,19.5771823255761,20.8530111322369,20.6228312876802,22.7398220648713,21.3147773575587,15.6794174472666,15.8375192564415,15.759133755435,16.8993536044205,16.1238064154067,12.1273625267477,8.78713346078012,9.094074459263,8.09072224722654,8.39621622572002,6.88904035320175,5.6323524582782,7.33489713460114,6.69198313736482,5.04272129565341,4.46174984468417,6.7848160112417,5.26048872844216,4.50168172127428,4.74612229202097,4.68102424826747,5.5720783675987,4.7055921266541,4.07927313762834,4.7531109698302,3.72975521810286,3.77244656277471,3.81770213958339,3.20379031185471,2.88200900447492,2.92433487191474,2.19126418285505,2.5484485292961,2.96851911821281,2.89515773414617,2.3762062150508,2.59173514598267,2.70824801733785,3.201418435663,3.51171557849599,3.11886824057813,3.58835005865437,4.20003323584744,3.87879767317825,3.4466187579834,4.48371755508344,4.95840254402458,4.66242453020486,5.84856744335338,6.92827647044743,6.53704098316993,6.49457247005578,7.08883526560892,7.40365245507553,7.715912213882,8.56965858049307,9.20487544281739,9.26930145599879,13.3445981808353,14.7781855495597,10.2930479839507,8.63670411861726,10.4753645095968,11.782059911811,10.7536875042054,11.983804895882
34.5,1.09933154427251,4.8463216109323,4.64411283725367,4.524933705993,4.6146175418029,4.91599727681888,5.07461283828609,5.15849878531763,3.79553538489912,4.47876375367052,5.07360931541595,4.87862298583495,5.64903033430448,5.33447573937165,4.16116113105883,3.43319990895188,4.12686235883345,4.69612175709275,4.19838760791249,3.86804815121656,4.27036349579546,4.38022306676603,6.61340642895734,9.97524877998549,14.0954901397161,14.3947521590635,18.5952354386361,18.8784210242348,16.6194714947756,16.5720253400333,16.923603937196,17.1492579034084,17.3412162599144,17.6368141877143,13.3517843161281,11.5044728523397,12.0171783923209,11.9835404240442,11.9813748713534,9.42927756937229,6.65116147674112,6.02025370102397,5.8384295091767,5.61383667876623,5.09606779133374,4.02486452006069,4.63671793913617,4.84554160736441,3.73209257937863,3.11380295387819,4.15601995114659,4.07703242605822,3.10977045332485,3.20967226209938,3.2405406114619,3.62831947721567,3.47024150474922,2.86119980972656,3.10754988650248,2.82174435191752,2.50366883058048,2.64045644390888,2.30420723625636,2.03276473433424,2.02772069549745,1.72911837164487,1.67985114238153,2.10169658313043,2.15582185805485,1.88912574231096,1.83888514264186,2.07382247457418,2.30585845272987,2.71032115163665,2.5817191046781,2.64759663275664,3.29353615262901,3.29953877151661,2.9079318740303,3.325893172717,4.20563888613895,4.25341916898151,4.55256035486237,6.05138122874108,5.84552330668979,5.66911255982649,6.01489762407193,6.50670686248373,6.62341822569622,7.2887356476373,7.96274926559285,8.17111819152029,10.0472239358782,13.5049984086095,10.3014591619008,7.54150225515683,8.59877764720949,10.1761008809198,9.91055488423329,9.71754467320187
35.5,1.07257457397398,4.72763251286237,4.5193370889579,4.376143601657,4.36979691736462,4.66838056147096,4.75668197023225,5.14411252923864,3.88154332701968,4.04990049035052,4.81466524127409,4.62421927959223,5.26350684135081,5.31030392095301,4.36753388574489,3.39064608429291,3.72135071777508,4.43982535946667,4.19718900811242,3.75290406087576,3.95421561504451,4.31744817777296,6.76864873629233,9.01015201968454,13.1868814746974,13.2011391282821,16.2231351232582,17.348834585001,14.9885751358443,14.2682883479375,14.02278656281,14.27909685588,13.5804938488121,14.3814838556308,11.39961035581,8.67307083897001,9.08382087453665,8.5804506979217,8.81948808575257,7.28825642023991,5.07859960832621,4.00001606440743,4.13598158926797,3.74037998631974,3.69778335326631,2.88448680055589,2.88863921775469,3.42034637014843,2.75112173566931,2.17928817511539,2.47899090813724,3.03591392961928,2.17844681887797,2.1468557947928,2.21401555753231,2.33033003032626,2.5010587347987,2.01245456179196,2.00850555843349,2.08016719972644,1.66995885491575,1.79642163633294,1.6399389287638,1.43007733158034,1.39734069385483,1.33289180671214,1.12206274374099,1.46144322777299,1.59077170592492,1.48740270824752,1.33052290938969,1.56652715672556,1.6783829972172,2.06759699829058,2.11595150134935,2.01108186136675,2.55737922057306,2.7705058437462,2.48916310737725,2.55016086295143,3.46883437950357,3.84378283524894,3.74948081351871,5.14965774282628,5.27270402340191,5.05468017652177,5.20779393235772,5.71786817937353,5.80670752405944,6.28241045212307,6.93046386824626,7.25073161412115,7.92751364999702,11.738203566326,10.1789693829726,7.100224047826,7.2355464479678,8.7440969498748,9.05733901781583,8.31821660927625
36.5,1.00066355547647,4.41012760356243,4.20878288044466,4.05144426754159,3.9776016898704,4.1940112890747,4.30217611824062,4.71891526702659,3.94938035170033,3.52161815819494,4.23744343586104,4.27989880134426,4.60760829922302,4.96576651537129,4.37025137770499,3.32905714040831,3.20610361016654,3.90156399325771,3.99673434384942,3.5425807772776,3.50464360252803,3.93876340123497,6.76323054173563,7.99049642006075,11.3279123681057,11.9646104278007,13.2456180450524,14.8747641797919,13.0587036264844,11.6241299700042,10.9779593340492,11.0142293376128,10.0572925773753,10.6361644299793,9.05268883170402,6.26110953021744,6.16714733175819,5.61780098082404,5.78724416373004,5.096785835393,3.57102990189866,2.39240580951696,2.55071095234672,2.20822690624741,2.34664479580602,1.86875297043856,1.55155070317351,2.0738868173055,1.82152639809996,1.37539781639589,1.23533771855663,1.9300911797594,1.40193696079481,1.25450801930572,1.31909443459194,1.29332959521207,1.563860443617,1.27616065097346,1.12874514313785,1.33289196324402,1.00442281463069,1.05867620544931,1.03060053191291,0.89893425843829,0.85233843650104,0.907985010027884,0.687500655222266,0.88187861375665,1.04660179290032,1.05877496950085,0.895556347112026,1.05491724101809,1.12040887579304,1.41299812950225,1.58080128966476,1.44581442681141,1.79137344015352,2.12434994036373,2.00592432632168,1.86378812215511,2.56496174304423,3.22203581108973,3.03066702626896,3.97126628321388,4.47609385400108,4.29150942999596,4.27840760638149,4.68802579355503,4.83578878463131,5.10314045638288,5.65043567533636,6.04344771670936,6.07207942662702,9.08630220256562,9.3911363997482,6.64710855559786,5.79992167690077,6.9513547053161,7.70515186150289,6.96934553513324
37.5,0.984643120068421,4.33927898750657,4.13989548134805,3.97062400916264,3.8696232794137,3.96650720132066,4.14727821487743,4.38481258507381,4.19577037576803,3.44011963852305,3.85583315169164,4.18607479447214,4.27471235535267,4.73204724814504,4.46471008612796,3.57332154846092,3.0783006520918,3.5345219887349,3.88551581274047,3.57780667455758,3.37228833089679,3.65599620485561,6.98613881418054,8.01706933575451,10.087223270971,11.6567293656967,11.7172775024003,13.1559105394479,12.1674534215828,10.3279733817695,9.45340038267425,9.09040415345499,8.43687357595483,8.30066465365622,7.51199033855348,5.36124974035603,4.63517793784225,4.33280389577858,4.22046360932534,3.83931997818295,2.79670934920844,1.83951920513089,1.76465980729997,1.61877350340291,1.63013523928971,1.39715836817143,1.13492338063914,1.38350031849224,1.33581835911555,1.0324986969869,0.887779198460063,1.2583948264891,1.08335996384433,0.896420368139306,0.922778417394248,0.919200266368748,1.0637736686621,0.950440855440045,0.813672816311617,0.910084254877522,0.763477020216513,0.733232964903871,0.731690304132236,0.658476622931004,0.616592623460735,0.647918914632878,0.542970737668891,0.609923060292121,0.756973781957076,0.798822622315805,0.715691724593233,0.773024247200987,0.866203807982985,1.04473440201112,1.23140521062476,1.20040197525219,1.36076426825355,1.68156828639131,1.70918976020136,1.59239911482604,1.96410324663072,2.7312306218359,2.77515890053882,3.19914345565456,3.91785860547561,3.87445602947201,3.80597352956321,4.04869420170563,4.29297087891288,4.45288165371776,4.87923893071787,5.28800286074731,5.41688018977404,7.08159011334391,8.53574028655049,6.71362003732048,5.28353917930521,5.84474874797405,6.70142762813949,6.471913932188
38.5,0.942426724990708,4.15301934269795,3.96129956317097,3.78896380628893,3.66752079574564,3.67179020797574,3.85319578133469,4.00420590475321,4.13312282040046,3.42218708667226,3.42988132279784,3.87310979734353,3.94234578924691,4.31935772792189,4.35248766078751,3.70103105856648,2.98760657550374,3.11636472376824,3.5821227349175,3.50158460684323,3.2108099786784,3.30849534416064,6.76666626709227,8.01664827001768,8.93328569236675,10.6467261440499,10.39254932762,11.1515989457389,10.8262695297396,9.0228985729653,7.86830125096839,7.23342768208599,6.73876208617467,6.22012572421369,5.85452479876429,4.38419893191143,3.35176201345933,3.11653885623255,2.879838235173,2.68265174124111,2.05141810485426,1.33603970609052,1.12616675318968,1.08670527126456,1.03841349766,0.95962040224931,0.772844728321642,0.833582135811939,0.891814918431847,0.721131405039446,0.59215050258444,0.731570280032198,0.760756662506107,0.598590956877163,0.589579613099566,0.597034347716837,0.65566495065933,0.647708688511657,0.544399664553875,0.564700657590969,0.53187597408396,0.468606617123032,0.473547146697079,0.444347164992137,0.412619519563165,0.425369784463334,0.396615323525175,0.391870508392686,0.500328666354854,0.55897293864102,0.535843887908682,0.534781381892526,0.622092080080757,0.725040237149498,0.893541237136215,0.938771550923567,0.989640751005745,1.24548228804297,1.37302224208296,1.31021669638929,1.44739854972587,2.15691167941679,2.41764589580397,2.54205109264798,3.21293165542207,3.36908020318534,3.28959212426776,3.38668873648972,3.64509333496398,3.76802744078064,4.06048224962939,4.43994975253761,4.64582089267141,5.38126326207252,7.1561895368078,6.44922990578031,4.85549466282808,4.76776480947438,5.54267110899318,5.7282904465031
39.5,0.878278929241414,3.8700970772129,3.69072007961283,3.52165831773534,3.38350368008319,3.30622911514274,3.43158400039475,3.52779452617278,3.82475111479097,3.38113289300911,3.01848087600418,3.39643199986673,3.49320467026474,3.75573701774865,4.03036367555362,3.69917232905337,2.96125360937763,2.71252927195755,3.1040739084239,3.25545257274046,3.00724039140992,2.92449796090372,6.17879221092245,7.82776392535047,7.8997823572781,9.1599604174102,8.86285177906461,8.81525434442779,8.91532311697908,7.42242682067555,6.08941789879582,5.22314804269178,4.78263557468997,4.08332697726229,3.93854709770174,3.18059657454553,2.10596869245592,1.85552112970393,1.57627064630789,1.49906789604869,1.24608605294397,0.811681408465399,0.542631419611042,0.557154087262708,0.487482540831673,0.511684847559771,0.415238563370429,0.344451769104427,0.446579093173991,0.401162840971796,0.307448954401734,0.27276468096672,0.41243197122315,0.313072593259932,0.277177254287016,0.287765094150634,0.283088444690151,0.338202146680526,0.282769120101363,0.249331327876562,0.288802419242639,0.22400392920285,0.226188929620913,0.231032279469243,0.213529028449769,0.211778663152199,0.235028146572144,0.192279266873854,0.249330922481776,0.311054026703452,0.334777746125269,0.303261356704373,0.364358050217377,0.408113034020747,0.532018866538335,0.628964636236394,0.616639858177358,0.774908236636267,0.957441587932383,0.966312745255923,0.937204053336604,1.46751347828727,1.88723946974362,1.86377029507809,2.34438655248731,2.67158015829524,2.63813570083319,2.62882829259898,2.83059891480304,2.93928958447585,3.09728263787954,3.40191709575209,3.65185240668692,3.71035176034587,5.26357464838347,5.66023220396898,4.3463642881126,3.70127425721965,4.15460035933325,4.6176202735955
40.5,0.876975152060999,3.86420984064686,3.68505421497485,3.51534700160808,3.36699901288021,3.26598829905615,3.30185312573353,3.41483232613701,3.60727522700983,3.50942862459475,3.07476748810191,3.17121320011362,3.39673563686819,3.53846980275282,3.83666201987856,3.75899022128972,3.19251581793668,2.7493359437017,2.88525540668656,3.13282038564958,3.03240175282652,2.88575571655246,5.84705544729089,7.95961239923873,8.11738200323995,8.4610973223848,8.53253627023574,7.96750003526469,7.84556548857289,6.82578141765619,5.4382437441722,4.49409389182639,3.92725794296744,3.36148032324128,3.04761172603926,2.56081377185785,1.76335189241948,1.39110054072065,1.18263581981691,1.07163530773789,0.909376433853077,0.616076173031869,0.407937297524285,0.378912634593953,0.344820848283768,0.346929792815777,0.298843269579639,0.245535025042849,0.291496758596786,0.282482960581411,0.223629172342469,0.191448569361525,0.262981201014271,0.229926659374559,0.194189138324902,0.195854938691278,0.194959599385376,0.224087818108384,0.202244556809091,0.175243651748166,0.192370072817396,0.163191810150216,0.153593657997929,0.158786986427995,0.151336599155362,0.149025043280034,0.163119285163181,0.145703546176215,0.169988470659914,0.217402793272265,0.244219405099267,0.234228408337604,0.263026900410576,0.305162573280737,0.385185492681511,0.473843998090514,0.49551997076735,0.582612191129154,0.735871310551016,0.797049900167867,0.787542600506242,1.12025419596436,1.5428668364254,1.65892729250887,1.9049179368918,2.27353792264515,2.34513896421133,2.32659913912434,2.4411017250148,2.57294238676454,2.68778624405265,2.91354032265371,3.15569367977127,3.26804158061237,4.12930283226717,4.92842573392482,4.27014344003021,3.46107406028828,3.54111836934361,3.95314655017791
41.5,0.855256290166431,3.76836592269121,3.59361855243332,3.42750054221745,3.27553874269601,3.15637736492588,3.12136151362272,3.20060111297063,3.32914618692651,3.40804156826527,3.10292690287918,2.96540480703447,3.14949633777104,3.28333887585173,3.50542298986153,3.62106546853559,3.30147802103096,2.8071731297563,2.69003394625513,2.8869523085998,2.92871527398581,2.79619320818979,5.44536658483418,7.6627615282628,8.1576726530389,7.87774091236863,7.81286099233997,7.12676932889282,6.63364829919234,5.91540009153518,4.70243252398987,3.71034571053599,3.07425439503195,2.59126384063465,2.21860998829878,1.89380457494869,1.36881039168653,0.985461295017862,0.809659764092428,0.697927024410931,0.59739118595163,0.423472297176349,0.28099214835777,0.23268105224202,0.216401539723325,0.209371031602068,0.190869478523572,0.15760134913355,0.167880146619079,0.174757448538618,0.145859925065968,0.121076256441175,0.146305699770504,0.147694806438994,0.122928851402246,0.118419275771481,0.118784995685555,0.130695887186791,0.127635352448832,0.110570752287984,0.113387139069785,0.10508716045906,0.093493607088366,0.0964548623104234,0.0954263243790604,0.0939283154999429,0.101029004630685,0.0985649310810015,0.104957879992666,0.134700888911144,0.159444316082297,0.163676821767166,0.174446146011193,0.205962317232335,0.254065694308453,0.322523766721582,0.362623910345642,0.408494769883096,0.516211379835327,0.600811294133113,0.61850036184938,0.809041915094939,1.15088726435556,1.36105908576406,1.49439152448526,1.79128845383812,1.95436901004763,1.96404320746415,2.0116208738507,2.12799320984702,2.22095541071012,2.37089232098323,2.57405597495474,2.71783982708745,3.12053476495634,3.90867581804395,3.86152726951478,3.18642952266152,2.94911165431931,3.2025771556765
42.5,0.810870765247563,3.57263841772306,3.40694082278594,3.24898490719202,3.0993493747362,2.96830369563132,2.87513572575282,2.89735811203882,2.9576489787122,3.13037278652951,2.99125762345022,2.74968336259437,2.81623283851232,2.91383350874846,3.07945731177996,3.28183156967214,3.21455061532327,2.81931118906274,2.51411963399777,2.5748599057281,2.69294327479508,2.61944165777986,4.93186539524114,7.01185101800233,7.83803554077384,7.28825339937081,6.89177191197953,6.08605350359575,5.33149812417203,4.73540191610155,3.76660800694196,2.84360202532917,2.1784817327651,1.76748213363811,1.39378996852712,1.19422069570461,0.91808600008181,0.593669095934653,0.452251382260198,0.352613199179848,0.303163926310241,0.232046184593662,0.156091490426179,0.104382818679419,0.0992743911335654,0.0881098662033132,0.0902115386094911,0.0758794715486591,0.0630738964631015,0.0767271123177512,0.0718567463634004,0.0569172906598577,0.0494673103751152,0.0696231518302311,0.0574934815854386,0.0502611254940295,0.0508034884449002,0.0502138348947342,0.0584926763392342,0.0512780214078456,0.0451467164531746,0.0502455444713121,0.0402848766906981,0.0410703767130755,0.0439416806645228,0.043521892924211,0.0451737426212902,0.0519398060061311,0.0472481502745854,0.0601984064819898,0.0788586753504273,0.0917688710167444,0.091257402317868,0.11004669393697,0.13057804591476,0.17435999261759,0.219826431980935,0.23721657787195,0.297875847296563,0.382309289633717,0.421966277761746,0.503343276488726,0.732095810636309,0.973185329059873,1.04886860635144,1.25238000667827,1.44872563015033,1.50639149741385,1.5169461091207,1.59672275319616,1.66721557578759,1.75193704493912,1.89544286492826,2.04199068731223,2.1146886579195,2.72790210049303,3.09897927837212,2.72928549234235,2.33292214966402,2.37020960459852
43.5,0.84601163291534,3.72732639941956,3.55445258776137,3.38962416853896,3.23292333756975,3.0892904930258,2.9720323405621,2.9253879612663,2.94787811724542,3.04235568791722,3.04667191943707,2.87364750061564,2.79780462898638,2.86041529234188,2.96972253059482,3.13405671865714,3.19588996097549,2.99311093341171,2.68317596291116,2.57293664513051,2.63780172318859,2.64382875383231,5.00731633707921,6.89079084224538,7.91108741012415,7.59920665297637,6.79626642620467,5.90359596165677,4.94079440360594,4.15406162794303,3.31959464609822,2.46934024727114,1.81164324721694,1.38332567419588,1.06467391918398,0.857639392143714,0.665931009369752,0.447656186562314,0.314459195574918,0.237537739711717,0.194100427247045,0.149354877554582,0.104330503815738,0.0699821812209903,0.0604123258759341,0.0544043933688614,0.0537953255911372,0.0474437059794168,0.0395930984902011,0.044127291602374,0.0436952494615416,0.0361612791462434,0.0307078721864274,0.038958977692552,0.0360704839711187,0.0311218301981425,0.0303892357585876,0.0301687480178357,0.0338978750791696,0.0316922291384918,0.027903569251288,0.0294184126905154,0.0253519118421466,0.024655789004905,0.026357320394272,0.0268914467382437,0.0279255701302413,0.0316691093740106,0.0310699869481627,0.0366513613089167,0.0481608062953735,0.0584457266353286,0.0617787410078452,0.0713662193690483,0.086128888156974,0.112468419255717,0.145888288972103,0.167886796025945,0.203428633323032,0.262086320557839,0.307904195628981,0.382017935990256,0.518193920386009,0.709784043151442,0.83066728227346,0.956713741101652,1.12178268088553,1.21980468166706,1.25034059798484,1.29570445435058,1.35812759321963,1.42313898193192,1.52070393592048,1.6399482077518,1.72665733861812,2.03822401439056,2.42082707167501,2.38489566340907,2.09076178379422,1.97793665168583
44.5,0.836126342409676,3.68363006063541,3.51278142787796,3.34985891718571,3.19453027846736,3.04706429700461,2.91414930238998,2.80842381747607,2.78273252912933,2.78755216699277,2.88824751352709,2.78602434589307,2.6492198833517,2.65880249284026,2.68318237456002,2.798309385835,2.93302115377664,2.91796009896659,2.68252130495446,2.47584128609737,2.46090482950666,2.48893192065094,4.75213516770651,6.40209217562298,7.47839137323656,7.36211816586542,6.37419721530634,5.42322353265939,4.27992432127553,3.37142320997028,2.64994596058648,1.92270413444109,1.33901499758803,0.932416668253239,0.68220936098234,0.489821520387079,0.383750314302524,0.272480335257775,0.166852168697647,0.118018730872491,0.0843908989182031,0.0655610171659007,0.0497861034067842,0.0336781099683459,0.0226718154224022,0.021278657801052,0.018683504859354,0.0191142683496308,0.0160649008326283,0.0134504113479589,0.0162222675507738,0.0151160711712523,0.0121060971992786,0.0105549623324762,0.0146690284160946,0.0120737251584254,0.010712910175721,0.010762102245429,0.0106041478121058,0.0123259662066148,0.0108084088994008,0.00959842339853577,0.0103947647017662,0.00872711370147872,0.00937376470728819,0.0104405479978217,0.0108595988402555,0.0118468182982806,0.0142386868011269,0.0136235680310789,0.0182103083994086,0.0246957397323823,0.0301843323632363,0.0317571784654164,0.0401525119810554,0.0494165611820819,0.0687768147924916,0.0901080486009234,0.102365307363998,0.133881290445881,0.175777667958312,0.233496391308341,0.2848100757993,0.411598240619054,0.542083688578882,0.599883588284171,0.725442607020134,0.833202054540574,0.88236378744806,0.904321310591263,0.953568634200099,0.993361542178471,1.04527245221051,1.1260328999415,1.20938300751577,1.25878409724436,1.58953622589012,1.78228470831065,1.64306439494757,1.46984032730812
45.5,0.862661749466208,3.8004407182281,3.62417428293192,3.45608413966103,3.29580749685019,3.1432707327585,3.0014649686687,2.87812514219837,2.80154976587196,2.76770725227945,2.79657765169831,2.77085027940313,2.68045816429154,2.62546889141822,2.62136626304411,2.67445185223205,2.768321722608,2.81645809493094,2.71812235340427,2.55402245438139,2.4616116306562,2.4434815751251,4.71103297351725,6.36489703997778,7.28896109778545,7.29065109552632,6.44662195109249,5.31940709550407,4.13888016843313,3.11576969492765,2.31942034641713,1.65636846021781,1.12670766132898,0.752595114202169,0.516889893733243,0.357403770195804,0.26204122283298,0.185243913111487,0.116601505619411,0.07719360341367,0.0533011797551769,0.0393024483056312,0.0297758327926391,0.0207599054324818,0.0140547165292449,0.0121558220812696,0.0107240989620827,0.0106350072511818,0.00928158686646673,0.00781627738643827,0.00876306602885351,0.00851115756624699,0.00708595742828458,0.0060851537446729,0.00773783465820872,0.00696395627388712,0.00614449907000971,0.0060053941231191,0.00592470983553147,0.00667755981189012,0.00616669526616932,0.00549579421776782,0.00569350275584289,0.00506250644460592,0.00524489245680062,0.00582810393496011,0.00620969423432808,0.00679034959234214,0.00807297278980508,0.00822725452879537,0.0103553727661888,0.0140290432888045,0.0177393750154769,0.0197150302159264,0.0241932054198519,0.0301810642466005,0.0412142233860146,0.0552543788284938,0.0664075799741569,0.084874803569065,0.111834527807089,0.156531518144603,0.198667642912665,0.273039808739026,0.36745987781876,0.435502362399424,0.516821713084377,0.602858025607331,0.662590389136862,0.69437235492658,0.728600850930198,0.762574235628651,0.800541517388395,0.853844684272566,0.916048049917861,0.965435924020006,1.13273914454229,1.30567213731852,1.31550194065984,1.22076925483395
46.5,0.808574931302945,3.56208279344421,3.39687147732997,3.23932280725171,3.08908238526031,2.9458293060563,2.809556563271,2.68355380859966,2.57452022577502,2.51069918857382,2.47146889810697,2.49520390039578,2.43070616873499,2.35604468432472,2.33848136758766,2.32448475872933,2.37546426639492,2.44686513551025,2.45191509632615,2.35332482832277,2.24430133990576,2.20080727536755,4.23896872520516,5.71606601010558,6.45555922982158,6.54533954316218,5.85693375787235,4.74052752562949,3.65990032546157,2.62130176602673,1.84482906412026,1.27861333573643,0.836380743278191,0.530450272257298,0.332996345373972,0.216124981412535,0.139598595176642,0.0977517177864409,0.0638223065986181,0.0369680463324282,0.023928102819107,0.0152340760418088,0.0115149407801145,0.00866302827967977,0.00591238695681381,0.00400665138850097,0.00365744080729717,0.00318405272267065,0.00322685303841533,0.00273195644520723,0.0023015783004371,0.00271773766248262,0.0025429752817458,0.00206856421825123,0.00180478754585204,0.00243888473108109,0.0020381211051334,0.00182462116025349,0.00181796553428017,0.00178641565351117,0.00205873751310012,0.00182497850375811,0.00159696957134297,0.00178999919779761,0.00159245871177372,0.00178465687932244,0.00207295912250446,0.00227197956530681,0.00260397310684186,0.00326597582334213,0.00332735503071264,0.00460125808631828,0.00647678929864542,0.00834811274311608,0.00937558897354135,0.0123429933427481,0.0158351193333388,0.0228078160440987,0.0311699778498103,0.037508655478642,0.0506265417781437,0.0788932618992728,0.107021303395425,0.134292506717773,0.191653754349696,0.252509485621485,0.289349201943518,0.352903190610976,0.407350799037479,0.441238081047232,0.463049132731313,0.490606754264739,0.512546445372061,0.540004619211705,0.578424591140781,0.618986342587322,0.648201699404,0.789042639556992,0.881460493342294,0.854717084862859
47.5,0.696718629848472,3.06927934548984,2.92692451838591,2.79117220697676,2.66171659052118,2.53827298801647,2.42069198127297,2.31020278949684,2.21017397741152,2.13371291759929,2.08014780328073,2.06409911277251,2.03333667325171,1.98894120501941,1.95717850138211,1.93438532410376,1.94605545464425,1.97872249797718,2.00348492617763,1.97871750564143,1.9168295302957,1.86468145721478,3.55228270458415,4.78494762516678,5.39859455982114,5.42621002551837,4.89788483919346,4.00454581256009,3.04868194081331,2.16709954409419,1.47890165091439,0.982550122130441,0.629019461030124,0.389706441463566,0.236182065370692,0.145219392337166,0.0899031907595499,0.0589477642282436,0.0378372282712848,0.0222605907340941,0.0136810842285404,0.0084000719465231,0.00602247180730827,0.00448439517135502,0.00312970467187198,0.00213691617155299,0.00182203085663953,0.00158065754424301,0.00155596486755954,0.00135645880410211,0.00115104208238035,0.00127820368683489,0.00123239507000627,0.00103747866939492,0.000897759221051517,0.00112283875129406,0.00100561798224763,0.000900689284935403,0.000878426958073094,0.000862161138027364,0.00096705474345607,0.000893636681851047,0.000787081893816608,0.000850775949206592,0.000792059716719578,0.000864023367290844,0.00100014337683518,0.0011176611526245,0.00128611341848125,0.00159961504191717,0.00171738911166288,0.00226918691271544,0.00318099980574824,0.00421244011910395,0.0049673010206337,0.00642214222187917,0.00833283904833765,0.0118153161695194,0.0164405555435406,0.020759093582715,0.0276996503867445,0.0433354435245881,0.061350620003272,0.0799751802356862,0.110556208138839,0.147925599780615,0.178906904771117,0.217072490790869,0.254655039921646,0.284466129841622,0.305359970605832,0.324427527344357,0.341274861171963,0.359005718777616,0.381624144096356,0.407431698389155,0.430241472908539,0.495408461299896,0.560610512624526,0.579144248464837
48.5,0.497094861541917,2.18984981350749,2.0882834011692,1.99142769367086,1.89906422640643,1.81098501186812,1.72699794168394,1.64702910790595,1.57221868406065,1.50512995063368,1.45666228829066,1.42152155972314,1.41616652484162,1.38670724962876,1.3587187670582,1.34259986978689,1.3281857292589,1.3344393305754,1.36262494654425,1.37572452572627,1.34785561751802,1.31062895980056,2.48529010346774,3.33189813409115,3.74028388474617,3.73808332284573,3.41165342444223,2.79890488956326,2.10509881011215,1.49638423969788,0.988821882765838,0.631490050370608,0.395312455605138,0.237369927928955,0.138095928827864,0.0793483182775597,0.0464136625134496,0.0271298699997258,0.0170745249584817,0.01026648765355,0.00562186858510744,0.00324967672856878,0.00201662492877858,0.0014778260408172,0.00109878784948865,0.000757087259678546,0.000516563820338919,0.000457823017077378,0.000394712283024266,0.000395180056005814,0.00033732422582162,0.00028619260909467,0.000329825498169034,0.000310262036157895,0.000256684960319398,0.000224149717427674,0.000293425686025162,0.000249637200761261,0.000225491762158324,0.000222715607583095,0.000218336329647679,0.000248893767533331,0.000218673482296532,0.000202055753772586,0.00023400793032876,0.000221080733571464,0.00025808882461805,0.00031249299434634,0.000361204326719167,0.000434796884666435,0.000568916047630233,0.000618448219122084,0.000882855177728272,0.00128876690045396,0.00175231088016459,0.0021016058730213,0.00288033113510533,0.00385114879610069,0.00572320484391359,0.00813376343529048,0.0103414820393311,0.0166262310327539,0.0259174764631284,0.035908890117865,0.0462560496551172,0.065411415597743,0.0863458964449454,0.101977309925476,0.125261377772539,0.146017204536476,0.161127556339505,0.171963396604257,0.183776383915634,0.192384689605138,0.202479859136876,0.215825777108376,0.230452352562782,0.242289551253072,0.28602899659718,0.31867742282728
49.5,0.290092504093832,1.27793577905897,1.21866443018511,1.1621421183559,1.10824134175443,1.05684052699289,1.00782398670959,0.961085876822408,0.916603755337624,0.87522012398331,0.838641814252123,0.814427789722648,0.797299493779018,0.799715885144923,0.780964766397366,0.763528311134237,0.758404345632692,0.743381919050073,0.758145684472932,0.777939970313352,0.7795116033196,0.761570179076432,1.42696345766531,1.90447475992463,2.13832838277768,2.13299744935174,1.9312947099712,1.60958216383221,1.21226582863619,0.84561659148279,0.561921625609762,0.343657176180752,0.20827587721369,0.124049177426933,0.0697799256248192,0.0386698864189894,0.0210320062904758,0.0117168567381403,0.00653056071482937,0.00394850396732424,0.00224088400304437,0.00111770549184392,0.000660462522053335,0.000412459655572499,0.000307489896793565,0.000229662576515511,0.000157001223166169,0.00010717443954934,9.7050432287433e-05,8.34742826904141e-05,8.44598002523975e-05,7.13980934542458e-05,6.04837284649597e-05,7.11769319631985e-05,6.60754926713957e-05,5.41423959033499e-05,4.75509658127369e-05,6.36986988688646e-05,5.27832856349047e-05,4.78750840652628e-05,4.76716994448662e-05,4.6601575976508e-05,5.25026181657838e-05,4.76199477907544e-05,4.60897356194231e-05,5.66181118816786e-05,5.50206378536178e-05,6.80484244954052e-05,8.62864755593793e-05,0.000103553131815608,0.000130499591361281,0.000178996332584939,0.000199621602921422,0.000303056668918024,0.000461346219041424,0.000647252100209119,0.000798264953264521,0.0011463585727021,0.00158023002426084,0.00244090797844372,0.00355531414600938,0.00528635751703023,0.0085682892657011,0.0132923747945038,0.018124580315772,0.0231984717468467,0.0331217336406451,0.0432273589749622,0.0502402695939313,0.0623519326891787,0.0716454140693782,0.0781135914228631,0.0834738017513221,0.0885222700436315,0.0923169943348488,0.0973253370275658,0.104114028687483,0.111010188961704,0.116575624678087,0.140361092583735
